sis_id,roll_no,full_name,department_id,class_id,year,division,status
308979,1,Ku. Aarti Ganesh Kawle,958b0be0-bb5f-4010-845b-c230a9c9648a,ac46eda9-4dd3-4432-ac69-d4b91b61aa4d,3,1,ACTIVE
308652,2,Ku. Anuja Bhagwan Garmode,958b0be0-bb5f-4010-845b-c230a9c9648a,ac46eda9-4dd3-4432-ac69-d4b91b61aa4d,3,1,ACTIVE
308668,3,Ku. Anushri Sachin Chavan,958b0be0-bb5f-4010-845b-c230a9c9648a,ac46eda9-4dd3-4432-ac69-d4b91b61aa4d,3,1,ACTIVE
308596,4,Ku. Apurva Prashant Jagtap,958b0be0-bb5f-4010-845b-c230a9c9648a,ac46eda9-4dd3-4432-ac69-d4b91b61aa4d,3,1,ACTIVE
308615,5,Ku. Arpita Satish Mourya,958b0be0-bb5f-4010-845b-c230a9c9648a,ac46eda9-4dd3-4432-ac69-d4b91b61aa4d,3,1,ACTIVE
308667,6,Ku. Dhanashri Santosh Jain,958b0be0-bb5f-4010-845b-c230a9c9648a,ac46eda9-4dd3-4432-ac69-d4b91b61aa4d,3,1,ACTIVE
308877,7,Ku. Divya Naresh Joshi,958b0be0-bb5f-4010-845b-c230a9c9648a,ac46eda9-4dd3-4432-ac69-d4b91b61aa4d,3,1,ACTIVE
309089,8,Ku. Dolly Girishkumarji Bhutada,958b0be0-bb5f-4010-845b-c230a9c9648a,ac46eda9-4dd3-4432-ac69-d4b91b61aa4d,3,1,ACTIVE
308653,9,Ku. Gargi Manoj Mane,958b0be0-bb5f-4010-845b-c230a9c9648a,ac46eda9-4dd3-4432-ac69-d4b91b61aa4d,3,1,ACTIVE
308834,10,Ku. Gouri Pramodrao Deshmukh,958b0be0-bb5f-4010-845b-c230a9c9648a,ac46eda9-4dd3-4432-ac69-d4b91b61aa4d,3,1,ACTIVE
308746,11,Ku. Jiya Jitendra Kamble,958b0be0-bb5f-4010-845b-c230a9c9648a,ac46eda9-4dd3-4432-ac69-d4b91b61aa4d,3,1,ACTIVE
308835,12,Ku. Krushna Suresh Falke,958b0be0-bb5f-4010-845b-c230a9c9648a,ac46eda9-4dd3-4432-ac69-d4b91b61aa4d,3,1,ACTIVE
308843,13,Ku. Pallavi Ganesh Tade,958b0be0-bb5f-4010-845b-c230a9c9648a,ac46eda9-4dd3-4432-ac69-d4b91b61aa4d,3,1,ACTIVE
309044,14,Ku. Ritika Manojkumar Chaudhari,958b0be0-bb5f-4010-845b-c230a9c9648a,ac46eda9-4dd3-4432-ac69-d4b91b61aa4d,3,1,ACTIVE
308648,15,Ku. Sakshi Jitendra Wagh,958b0be0-bb5f-4010-845b-c230a9c9648a,ac46eda9-4dd3-4432-ac69-d4b91b61aa4d,3,1,ACTIVE
308699,16,Ku. Saloni Anil Ghodkhande,958b0be0-bb5f-4010-845b-c230a9c9648a,ac46eda9-4dd3-4432-ac69-d4b91b61aa4d,3,1,ACTIVE
309012,17,Ku. Samiksha Bhujangrao Deshmukh,958b0be0-bb5f-4010-845b-c230a9c9648a,ac46eda9-4dd3-4432-ac69-d4b91b61aa4d,3,1,ACTIVE
308636,18,Ku. Sanchita Ranjit Gawande,958b0be0-bb5f-4010-845b-c230a9c9648a,ac46eda9-4dd3-4432-ac69-d4b91b61aa4d,3,1,ACTIVE
308677,19,Ku. Sayyad Ummehani Asharaf ali,958b0be0-bb5f-4010-845b-c230a9c9648a,ac46eda9-4dd3-4432-ac69-d4b91b61aa4d,3,1,ACTIVE
308958,20,Ku. Shrishti Rajendra Ingale,958b0be0-bb5f-4010-845b-c230a9c9648a,ac46eda9-4dd3-4432-ac69-d4b91b61aa4d,3,1,ACTIVE
308803,21,Ku. Shrushti Ketan Raninga,958b0be0-bb5f-4010-845b-c230a9c9648a,ac46eda9-4dd3-4432-ac69-d4b91b61aa4d,3,1,ACTIVE
308611,22,Ku. Shruti Prakash Bhute,958b0be0-bb5f-4010-845b-c230a9c9648a,ac46eda9-4dd3-4432-ac69-d4b91b61aa4d,3,1,ACTIVE
308620,23,Ku. Snehal Uday Rangankar,958b0be0-bb5f-4010-845b-c230a9c9648a,ac46eda9-4dd3-4432-ac69-d4b91b61aa4d,3,1,ACTIVE
308597,24,Ku. Suhana Harishankar Tiwari,958b0be0-bb5f-4010-845b-c230a9c9648a,ac46eda9-4dd3-4432-ac69-d4b91b61aa4d,3,1,ACTIVE
308626,25,Ku. Tanushri Shirish Kharche,958b0be0-bb5f-4010-845b-c230a9c9648a,ac46eda9-4dd3-4432-ac69-d4b91b61aa4d,3,1,ACTIVE
309017,26,Ku. Tanvi Amol Bichare,958b0be0-bb5f-4010-845b-c230a9c9648a,ac46eda9-4dd3-4432-ac69-d4b91b61aa4d,3,1,ACTIVE
308684,27,Ku. Vaishnavi Ramesh Tale,958b0be0-bb5f-4010-845b-c230a9c9648a,ac46eda9-4dd3-4432-ac69-d4b91b61aa4d,3,1,ACTIVE
308666,28,Abhishek Ajabrao Nirmal,958b0be0-bb5f-4010-845b-c230a9c9648a,ac46eda9-4dd3-4432-ac69-d4b91b61aa4d,3,1,ACTIVE
308646,29,Aditya Sanjay Nagre,958b0be0-bb5f-4010-845b-c230a9c9648a,ac46eda9-4dd3-4432-ac69-d4b91b61aa4d,3,1,ACTIVE
308887,30,Anurag Dhananjay Nagzirkar,958b0be0-bb5f-4010-845b-c230a9c9648a,ac46eda9-4dd3-4432-ac69-d4b91b61aa4d,3,1,ACTIVE
308628,31,Armaan Ramprakash Gupta,958b0be0-bb5f-4010-845b-c230a9c9648a,ac46eda9-4dd3-4432-ac69-d4b91b61aa4d,3,1,ACTIVE
308785,32,Aryan Anil Bobade,958b0be0-bb5f-4010-845b-c230a9c9648a,ac46eda9-4dd3-4432-ac69-d4b91b61aa4d,3,1,ACTIVE
308954,33,Atharv Pradip Sonone,958b0be0-bb5f-4010-845b-c230a9c9648a,ac46eda9-4dd3-4432-ac69-d4b91b61aa4d,3,1,ACTIVE
308641,34,Atharva Umesh Deshmukh,958b0be0-bb5f-4010-845b-c230a9c9648a,ac46eda9-4dd3-4432-ac69-d4b91b61aa4d,3,1,ACTIVE
308845,35,Devesh Girish Talatule,958b0be0-bb5f-4010-845b-c230a9c9648a,ac46eda9-4dd3-4432-ac69-d4b91b61aa4d,3,1,ACTIVE
308621,36,Divyansh Vijay Mate,958b0be0-bb5f-4010-845b-c230a9c9648a,ac46eda9-4dd3-4432-ac69-d4b91b61aa4d,3,1,ACTIVE
308712,37,Dnyaneshwar Raju Bajad,958b0be0-bb5f-4010-845b-c230a9c9648a,ac46eda9-4dd3-4432-ac69-d4b91b61aa4d,3,1,ACTIVE
309067,38,Dnyaneshwar Sunil Deshmukh,958b0be0-bb5f-4010-845b-c230a9c9648a,ac46eda9-4dd3-4432-ac69-d4b91b61aa4d,3,1,ACTIVE
308594,39,Ganesh Dilip Bari,958b0be0-bb5f-4010-845b-c230a9c9648a,ac46eda9-4dd3-4432-ac69-d4b91b61aa4d,3,1,ACTIVE
308660,40,Jagdish Shaligram Bodade,958b0be0-bb5f-4010-845b-c230a9c9648a,ac46eda9-4dd3-4432-ac69-d4b91b61aa4d,3,1,ACTIVE
308933,41,Kartik Bhaskar Hande,958b0be0-bb5f-4010-845b-c230a9c9648a,ac46eda9-4dd3-4432-ac69-d4b91b61aa4d,3,1,ACTIVE
308748,42,Krushana Vitthal Kharsade,958b0be0-bb5f-4010-845b-c230a9c9648a,ac46eda9-4dd3-4432-ac69-d4b91b61aa4d,3,1,ACTIVE
308661,43,Mandar Mukesh Dhamodhar,958b0be0-bb5f-4010-845b-c230a9c9648a,ac46eda9-4dd3-4432-ac69-d4b91b61aa4d,3,1,ACTIVE
308963,44,Manthan Gajanan Morey,958b0be0-bb5f-4010-845b-c230a9c9648a,ac46eda9-4dd3-4432-ac69-d4b91b61aa4d,3,1,ACTIVE
308629,45,Mayuresh Subhash Guhe,958b0be0-bb5f-4010-845b-c230a9c9648a,ac46eda9-4dd3-4432-ac69-d4b91b61aa4d,3,1,ACTIVE
308643,46,Nandan Dilip Kulat,958b0be0-bb5f-4010-845b-c230a9c9648a,ac46eda9-4dd3-4432-ac69-d4b91b61aa4d,3,1,ACTIVE
308768,47,Nikhil Rameshwar Zode,958b0be0-bb5f-4010-845b-c230a9c9648a,ac46eda9-4dd3-4432-ac69-d4b91b61aa4d,3,1,ACTIVE
308874,48,Parth Kiran Jadhav,958b0be0-bb5f-4010-845b-c230a9c9648a,ac46eda9-4dd3-4432-ac69-d4b91b61aa4d,3,1,ACTIVE
308736,49,Pavan Sheshrao Gaikwad,958b0be0-bb5f-4010-845b-c230a9c9648a,ac46eda9-4dd3-4432-ac69-d4b91b61aa4d,3,1,ACTIVE
308962,50,Prajwal Baban Ghawat,958b0be0-bb5f-4010-845b-c230a9c9648a,ac46eda9-4dd3-4432-ac69-d4b91b61aa4d,3,1,ACTIVE
308602,51,Prajwal Himmatrao Virokar,958b0be0-bb5f-4010-845b-c230a9c9648a,ac46eda9-4dd3-4432-ac69-d4b91b61aa4d,3,1,ACTIVE
308657,52,Pranav Bhagwat Gadhave,958b0be0-bb5f-4010-845b-c230a9c9648a,ac46eda9-4dd3-4432-ac69-d4b91b61aa4d,3,1,ACTIVE
308649,53,Pranav Rajesh Dhurde,958b0be0-bb5f-4010-845b-c230a9c9648a,ac46eda9-4dd3-4432-ac69-d4b91b61aa4d,3,1,ACTIVE
308655,54,Rahul Bhashkar Pagrut,958b0be0-bb5f-4010-845b-c230a9c9648a,ac46eda9-4dd3-4432-ac69-d4b91b61aa4d,3,1,ACTIVE
309090,55,Rajveer singh Paramjit singh Popli,958b0be0-bb5f-4010-845b-c230a9c9648a,ac46eda9-4dd3-4432-ac69-d4b91b61aa4d,3,1,ACTIVE
308794,56,Rushikesh Satish Bhawarkar,958b0be0-bb5f-4010-845b-c230a9c9648a,ac46eda9-4dd3-4432-ac69-d4b91b61aa4d,3,1,ACTIVE
308840,57,Sanskar Vijay Dahatre,958b0be0-bb5f-4010-845b-c230a9c9648a,ac46eda9-4dd3-4432-ac69-d4b91b61aa4d,3,1,ACTIVE
308769,58,Satya Sandeep Patil,958b0be0-bb5f-4010-845b-c230a9c9648a,ac46eda9-4dd3-4432-ac69-d4b91b61aa4d,3,1,ACTIVE
308671,59,Saurav Ananta Dhage,958b0be0-bb5f-4010-845b-c230a9c9648a,ac46eda9-4dd3-4432-ac69-d4b91b61aa4d,3,1,ACTIVE
308637,60,Shivam Sanjay Aghao,958b0be0-bb5f-4010-845b-c230a9c9648a,ac46eda9-4dd3-4432-ac69-d4b91b61aa4d,3,1,ACTIVE
308593,61,Shubh Prashant Chandore,958b0be0-bb5f-4010-845b-c230a9c9648a,ac46eda9-4dd3-4432-ac69-d4b91b61aa4d,3,1,ACTIVE
308960,62,Soham Madhukar Patil,958b0be0-bb5f-4010-845b-c230a9c9648a,ac46eda9-4dd3-4432-ac69-d4b91b61aa4d,3,1,ACTIVE
308862,63,Sujal Milind Agame,958b0be0-bb5f-4010-845b-c230a9c9648a,ac46eda9-4dd3-4432-ac69-d4b91b61aa4d,3,1,ACTIVE
308944,64,Sujal Sailendra Patiye,958b0be0-bb5f-4010-845b-c230a9c9648a,ac46eda9-4dd3-4432-ac69-d4b91b61aa4d,3,1,ACTIVE
308981,65,Sumit Subodh Hinge,958b0be0-bb5f-4010-845b-c230a9c9648a,ac46eda9-4dd3-4432-ac69-d4b91b61aa4d,3,1,ACTIVE
308619,66,Swraj Anil Harne,958b0be0-bb5f-4010-845b-c230a9c9648a,ac46eda9-4dd3-4432-ac69-d4b91b61aa4d,3,1,ACTIVE
308870,67,Tushar Gajendra Chatare,958b0be0-bb5f-4010-845b-c230a9c9648a,ac46eda9-4dd3-4432-ac69-d4b91b61aa4d,3,1,ACTIVE
308676,68,Tushar Shankar Patole,958b0be0-bb5f-4010-845b-c230a9c9648a,ac46eda9-4dd3-4432-ac69-d4b91b61aa4d,3,1,ACTIVE
308645,69,Vedant Suryakant Tayade,958b0be0-bb5f-4010-845b-c230a9c9648a,ac46eda9-4dd3-4432-ac69-d4b91b61aa4d,3,1,ACTIVE
