roll_no,class_roll_no,student_code,enrollment_no,name,class_name,department_code
1,2RA1,312225E015,SIS312225E015,Ghate Aakansha S,2R1,CSE
2,2RA2,312225E008,SIS312225E008,Lohiya Aarya D,2R1,CSE
3,2RA3,312225E227,SIS312225E227,Jadhao Anushka N,2R1,CSE
4,2RA4,312225E011,SIS312225E011,Badukale Anushri U,2R1,CSE
5,2RA5,312225E002,SIS312225E002,Kalantri Disha P,2R1,CSE
6,2RA6,312225E208,SIS312225E208,Budhwani Ekta S,2R1,CSE
7,2RA7,312225E143,SIS312225E143,Deshmukh Gargi R,2R1,CSE
8,2RA8,312225E151,SIS312225E151,Thakare Jagruti D,2R1,CSE
9,2RA9,312225E140,SIS312225E140,Adhao Komal A,2R1,CSE
10,2RA10,312225E461,SIS312225E461,Deshmukh Komal B,2R1,CSE
11,2RA11,312225E478,SIS312225E478,Gomase Manasvi A,2R1,CSE
12,2RA12,312225E181,SIS312225E181,Kamajwar Namrata S,2R1,CSE
13,2RA13,312225E012,SIS312225E012,Rathod Neha V,2R1,CSE
14,2RA14,312225E004,SIS312225E004,Mawal Pournima A,2R1,CSE
15,2RA15,312225E443,SIS312225E443,Bhople Pragati P,2R1,CSE
16,2RA16,312225E456,SIS312225E456,Mohate Priti S,2R1,CSE
17,2RA17,312225E160,SIS312225E160,Vyas Radha A,2R1,CSE
18,2RA18,312225E224,SIS312225E224,Sable Radhika R,2R1,CSE
19,2RA19,312225E473,SIS312225E473,Deshmukh Ragini S,2R1,CSE
20,2RA20,312225E440,SIS312225E440,Kolpyakwar Rashi P,2R1,CSE
21,2RA21,312225E476,SIS312225E476,Ghatol Rutika A,2R1,CSE
22,2RA22,312225E126,SIS312225E126,Bhave Rutuja R,2R1,CSE
23,2RA23,312225E172,SIS312225E172,Wankhade Rutuja Y,2R1,CSE
24,2RA24,312225E229,SIS312225E229,Kerure Sakshi G,2R1,CSE
25,2RA25,312225E141,SIS312225E141,Kadu Sawali S,2R1,CSE
26,2RA26,312225E233,SIS312225E233,Ingle Sneha D,2R1,CSE
27,2RA27,312225E020,SIS312225E020,Puri Snehal N,2R1,CSE
28,2RA28,312225E450,SIS312225E450,Darade Tanvi V,2R1,CSE
29,2RA29,312225E021,SIS312225E021,Jogawe Tina M,2R1,CSE
30,2RA30,312225E464,SIS312225E464,Tidke Vaishnavi K,2R1,CSE
31,2RA31,312225E220,SIS312225E220,Patil Vedanti A,2R1,CSE
32,2RA32,312225E467,SIS312225E467,Sheikh Yasera A,2R1,CSE
33,2RA33,312225E225,SIS312225E225,Kadam Abhiraj A,2R1,CSE
34,2RA34,312225E155,SIS312225E155,Patil Antariksh V,2R1,CSE
35,2RA35,312225E186,SIS312225E186,Sawant Aryan R,2R1,CSE
36,2RA36,312225E231,SIS312225E231,Kale Ayush S,2R1,CSE
37,2RA37,312225E177,SIS312225E177,Gulwe Dhananjay D,2R1,CSE
38,2RA38,312225E479,SIS312225E479,Kurhade Ganesh B,2R1,CSE
39,2RA39,312225E005,SIS312225E005,Bahurupi Harshal D,2R1,CSE
40,2RA40,312225E226,SIS312225E226,Wankhade Harshvardhan S,2R1,CSE
41,2RA41,312225E164,SIS312225E164,Bagdi Krish A,2R1,CSE
42,2RA42,312225E446,SIS312225E446,Khandaskar Krish S,2R1,CSE
43,2RA43,312225E196,SIS312225E196,Chavhan Krishna A,2R1,CSE
44,2RA44,312225E019,SIS312225E019,Solanke Krushna S,2R1,CSE
45,2RA45,312225E448,SIS312225E448,Thakare Krushna U,2R1,CSE
46,2RA46,312225E451,SIS312225E451,Raut Kunal C,2R1,CSE
47,2RA47,312225E463,SIS312225E463,Karotiya Manthan V,2R1,CSE
48,2RA48,312225E466,SIS312225E466,Kulkarni Mrugendra D,2R1,CSE
49,2RA49,312225E472,SIS312225E472,Hingankar Parikshit R,2R1,CSE
50,2RA50,312225E433,SIS312225E433,Bargal Parth B,2R1,CSE
51,2RA51,312225E122,SIS312225E122,Bodad Parth A,2R1,CSE
52,2RA52,312225E230,SIS312225E230,Kalpande Prajwal B,2R1,CSE
53,2RA53,312225E235,SIS312225E235,Ganesh Pranav S,2R1,CSE
54,2RA54,312225E471,SIS312225E471,Modokar Pranav G,2R1,CSE
55,2RA55,312225E010,SIS312225E010,Ghogale Prasanna G,2R1,CSE
56,2RA56,312225E439,SIS312225E439,Upadhyay Prince A,2R1,CSE
57,2RA57,312225E475,SIS312225E475,Navgrah Rushikesh A,2R1,CSE
58,2RA58,312225E470,SIS312225E470,Khandare Sahil S,2R1,CSE
59,2RA59,312225E444,SIS312225E444,Matre Sanket G,2R1,CSE
60,2RA60,312225E236,SIS312225E236,Khond Shivam A,2R1,CSE
61,2RA61,312225E244,SIS312225E244,Patange Shivam V,2R1,CSE
62,2RA62,312225E301,SIS312225E301,Kankale Shivcharan D,2R1,CSE
63,2RA63,312225E293,SIS312225E293,Ghadge Shrimant Shahu C,2R1,CSE
64,2RA64,312225E232,SIS312225E232,Latare Sushant R,2R1,CSE
65,2RA65,312225E104,SIS312225E104,Bidave Swarup U,2R1,CSE
66,2RA66,312225E149,SIS312225E149,Dudhapachare Tejram K,2R1,CSE
67,2RA67,312225E215,SIS312225E215,Rabade Tushar S,2R1,CSE
68,2RA68,312225E213,SIS312225E213,Nagre Vaibhav R,2R1,CSE
69,2RA69,312225E206,SIS312225E206,Sable Yash S,2R1,CSE
70,2RA70,BT26CSL003,SISBT26CSL003,Kolte Ashvini N,2R1,CSE
71,2RA71,BT26CSL002,SISBT26CSL002,Dhisle Gauri A,2R1,CSE
72,2RA72,BT26CSL001,SISBT26CSL001,Nemane Khushi M,2R1,CSE
73,2RA73,BT26CSL006,SISBT26CSL006,Shejole Laxmi I,2R1,CSE
74,2RA74,BT26CSL004,SISBT26CSL004,Dahake Shushan S,2R1,CSE
75,2RA75,BT26CSL007,SISBT26CSL007,Thakare Ayush B,2R1,CSE
76,2RA76,BT26CSL005,SISBT26CSL005,Anokar Yash D,2R1,CSE
77,2RA77,BT26CSL008,SISBT26CSL008,Thakur Ashlesha V,2R1,CSE
