roll_no,admission_no,student_code,enrollment_no,name,class_name,department_code
1,308979,308979,SIS308979,Ku. Aarti Ganesh Kawle,3R,CSE
2,308652,308652,SIS308652,Ku. Anuja Bhagwan Garmode,3R,CSE
3,308668,308668,SIS308668,Ku. Anushri Sachin Chavan,3R,CSE
4,308596,308596,SIS308596,Ku. Apurva Prashant Jagtap,3R,CSE
5,308615,308615,SIS308615,Ku. Arpita Satish Mourya,3R,CSE
6,308667,308667,SIS308667,Ku. Dhanashri Santosh Jain,3R,CSE
7,308877,308877,SIS308877,Ku. Divya Naresh Joshi,3R,CSE
8,309089,309089,SIS309089,Ku. Dolly Girishkumarji Bhutada,3R,CSE
9,308653,308653,SIS308653,Ku. Gargi Manoj Mane,3R,CSE
10,308834,308834,SIS308834,Ku. Gouri Pramodrao Deshmukh,3R,CSE
11,308746,308746,SIS308746,Ku. Jiya Jitendra Kamble,3R,CSE
12,308835,308835,SIS308835,Ku. Krushna Suresh Falke,3R,CSE
13,308843,308843,SIS308843,Ku. Pallavi Ganesh Tade,3R,CSE
14,309044,309044,SIS309044,Ku. Ritika Manojkumar Chaudhari,3R,CSE
15,308648,308648,SIS308648,Ku. Sakshi Jitendra Wagh,3R,CSE
16,308699,308699,SIS308699,Ku. Saloni Anil Ghodkhande,3R,CSE
17,309012,309012,SIS309012,Ku. Samiksha Bhujangrao Deshmukh,3R,CSE
18,308636,308636,SIS308636,Ku. Sanchita Ranjit Gawande,3R,CSE
19,308677,308677,SIS308677,Ku. Sayyad Ummehani Asharaf ali,3R,CSE
20,308958,308958,SIS308958,Ku. Shrishti Rajendra Ingale,3R,CSE
21,308803,308803,SIS308803,Ku. Shrushti Ketan Raninga,3R,CSE
22,308611,308611,SIS308611,Ku. Shruti Prakash Bhute,3R,CSE
23,308620,308620,SIS308620,Ku. Snehal Uday Rangankar,3R,CSE
24,308597,308597,SIS308597,Ku. Suhana Harishankar Tiwari,3R,CSE
25,308626,308626,SIS308626,Ku. Tanushri Shirish Kharche,3R,CSE
26,309017,309017,SIS309017,Ku. Tanvi Amol Bichare,3R,CSE
27,308684,308684,SIS308684,Ku. Vaishnavi Ramesh Tale,3R,CSE
28,308666,308666,SIS308666,Abhishek Ajabrao Nirmal,3R,CSE
29,308646,308646,SIS308646,Aditya Sanjay Nagre,3R,CSE
30,308887,308887,SIS308887,Anurag Dhananjay Nagzirkar,3R,CSE
31,308628,308628,SIS308628,Armaan Ramprakash Gupta,3R,CSE
32,308785,308785,SIS308785,Aryan Anil Bobade,3R,CSE
33,308954,308954,SIS308954,Atharv Pradip Sonone,3R,CSE
34,308641,308641,SIS308641,Atharva Umesh Deshmukh,3R,CSE
35,308845,308845,SIS308845,Devesh Girish Talatule,3R,CSE
36,308621,308621,SIS308621,Divyansh Vijay Mate,3R,CSE
37,308712,308712,SIS308712,Dnyaneshwar Raju Bajad,3R,CSE
38,309067,309067,SIS309067,Dnyaneshwar Sunil Deshmukh,3R,CSE
39,308594,308594,SIS308594,Ganesh Dilip Bari,3R,CSE
40,308660,308660,SIS308660,Jagdish Shaligram Bodade,3R,CSE
41,308933,308933,SIS308933,Kartik Bhaskar Hande,3R,CSE
42,308748,308748,SIS308748,Krushana Vitthal Kharsade,3R,CSE
43,308661,308661,SIS308661,Mandar Mukesh Dhamodhar,3R,CSE
44,308963,308963,SIS308963,Manthan Gajanan Morey,3R,CSE
45,308629,308629,SIS308629,Mayuresh Subhash Guhe,3R,CSE
46,308643,308643,SIS308643,Nandan Dilip Kulat,3R,CSE
47,308768,308768,SIS308768,Nikhil Rameshwar Zode,3R,CSE
48,308874,308874,SIS308874,Parth Kiran Jadhav,3R,CSE
49,308736,308736,SIS308736,Pavan Sheshrao Gaikwad,3R,CSE
50,308962,308962,SIS308962,Prajwal Baban Ghawat,3R,CSE
51,308602,308602,SIS308602,Prajwal Himmatrao Virokar,3R,CSE
52,308657,308657,SIS308657,Pranav Bhagwat Gadhave,3R,CSE
53,308649,308649,SIS308649,Pranav Rajesh Dhurde,3R,CSE
54,308655,308655,SIS308655,Rahul Bhashkar Pagrut,3R,CSE
55,309090,309090,SIS309090,Rajveer singh Paramjit singh Popli,3R,CSE
56,308794,308794,SIS308794,Rushikesh Satish Bhawarkar,3R,CSE
57,308840,308840,SIS308840,Sanskar Vijay Dahatre,3R,CSE
58,308769,308769,SIS308769,Satya Sandeep Patil,3R,CSE
59,308671,308671,SIS308671,Saurav Ananta Dhage,3R,CSE
60,308637,308637,SIS308637,Shivam Sanjay Aghao,3R,CSE
61,308593,308593,SIS308593,Shubh Prashant Chandore,3R,CSE
62,308960,308960,SIS308960,Soham Madhukar Patil,3R,CSE
63,308862,308862,SIS308862,Sujal Milind Agame,3R,CSE
64,308944,308944,SIS308944,Sujal Sailendra Patiye,3R,CSE
65,308981,308981,SIS308981,Sumit Subodh Hinge,3R,CSE
66,308619,308619,SIS308619,Swraj Anil Harne,3R,CSE
67,308870,308870,SIS308870,Tushar Gajendra Chatare,3R,CSE
68,308676,308676,SIS308676,Tushar Shankar Patole,3R,CSE
69,308645,308645,SIS308645,Vedant Suryakant Tayade,3R,CSE
